{
  "ko" : {
    "login" : "로그인",
    "logout" : "로그아웃",
    "username" : "계정",
    "password" : "비밀번호",
    "blog": {
      "article" : {
        "id" : "번호",
        "category" : "분류",
        "title" : "제목",
        "content" : "내용",
        "createdDate" : "생성일",
        "viewCount": "조회수",

        "list" : "목록",
        "write" : "글쓰기",
        "modify" : "수정",
        "delete" : "삭제",
        "cancel" : "취소"
      }
    }
  }
}
